PSComputerName,Address
CZQZL-461B5Q,143.144.64.1
CZQZL-461B5Q,143.144.64.2
CZQZL-461B5Q,143.144.64.3
CZQZL-461B5Q,143.144.64.4
CZQZL-461B5Q,143.144.64.5
CZQZL-461B5Q,143.144.64.6
CZQZL-461B5Q,143.144.64.7
CZQZL-461B5Q,143.144.64.8
CZQZL-461B5Q,143.144.64.9
CZQZL-461B5Q,143.144.64.10
CZQZL-461B5Q,143.144.64.11
CZQZL-461B5Q,143.144.64.12
CZQZL-461B5Q,143.144.64.13
CZQZL-461B5Q,143.144.64.14
CZQZL-461B5Q,143.144.64.15
CZQZL-461B5Q,143.144.64.16
CZQZL-461B5Q,143.144.64.17
CZQZL-461B5Q,143.144.64.18
CZQZL-461B5Q,143.144.64.19
CZQZL-461B5Q,143.144.64.20
CZQZL-461B5Q,143.144.64.21
CZQZL-461B5Q,143.144.64.22
CZQZL-461B5Q,143.144.64.23
CZQZL-461B5Q,143.144.64.24
CZQZL-461B5Q,143.144.64.25
CZQZL-461B5Q,143.144.64.26
CZQZL-461B5Q,143.144.64.28
CZQZL-461B5Q,143.144.64.29
CZQZL-461B5Q,143.144.64.30
